cavity_sigma,repeat,method,ARI,NMI,cavity_precision,cavity_recall,cavity_f1,cavity_iou,cavity_lcc_fraction
0.25,0,No graph,0.6690617967512582,0.7617894768551001,0.9981740188974553,0.7441764985522279,0.8526615498885864,0.7431648000690533,0.2245377079589589
0.25,0,1-hop Gaussian,0.7158627175221693,0.7903568485340856,0.9963941004229476,0.7941354423268076,0.8838411774608596,0.7918596884359311,0.4840039041318729
0.25,0,2-hop Gaussian,0.6922564959098023,0.7632281491250146,0.9938577645568225,0.7797009378106228,0.8738496561077207,0.7759618072729618,0.49407811381038946
0.25,0,4-hop Gaussian,0.6241695942434582,0.7262652919600356,0.9958135466133466,0.6887505942348416,0.8142962981886929,0.6867620442988882,0.45704198950262437
0.25,0,8-hop Gaussian,0.601849010603901,0.6883406533141558,0.98807030325107,0.7033579670685856,0.8217518082326656,0.6974352381564569,0.5056916492122757
0.25,1,No graph,0.8746647660760516,0.8175330559019579,0.9927492706366913,1.0,0.9963614442267531,0.9927492706366913,0.4219581259653338
0.25,1,1-hop Gaussian,0.7008840483141558,0.7900951367578174,0.9986476968587125,0.7659579065646743,0.8669609773397087,0.7651642706039805,0.48719537963093396
0.25,1,2-hop Gaussian,0.6766904398888368,0.7687257342162777,0.9963102822057595,0.7468559574743939,0.8537341451666687,0.7447959315605741,0.49799659854140843
0.25,1,4-hop Gaussian,0.6265185933993177,0.7215030987545438,0.9951584909107518,0.7062102943083106,0.8261479543472491,0.7037922346404807,0.49529551475290035
0.25,1,8-hop Gaussian,0.5540217641972831,0.6846009866536598,0.9960639606396064,0.6124508405721941,0.758513641898492,0.6109721922828196,0.47172728870145847
0.25,2,No graph,0.8512154151750616,0.7900191645355417,0.9900943497143835,1.0,0.9950225222803943,0.9900943497143835,0.4211292013435742
0.25,2,1-hop Gaussian,0.7268799834992676,0.7945747151838013,0.9964997964997965,0.7935952288344353,0.8835480495110245,0.7913892300730493,0.47624474291140956
0.25,2,2-hop Gaussian,0.6795594945537022,0.7651169802786041,0.9956057575842934,0.7637538355157959,0.8644028418053534,0.761187922642891,0.49494380439987606
0.25,2,4-hop Gaussian,0.6144289458142759,0.7327016895581862,0.9969564079067941,0.6582609447253555,0.7929562433297759,0.6569407603890363,0.46115329231574814
0.25,2,8-hop Gaussian,0.5491079786002725,0.6767757802433062,0.9933932523978805,0.6400665543022602,0.7785166105971404,0.6373534158149543,0.5090549332617882
0.25,3,No graph,0.8463789481016452,0.7872400970277417,0.9891209096543911,1.0,0.9945307043464245,0.9891209096543911,0.4254600636929062
0.25,3,1-hop Gaussian,0.7304094820385305,0.7994972464309982,0.995546732482026,0.8018929080772721,0.8882878138688752,0.7990267849453104,0.5065189398004077
0.25,3,2-hop Gaussian,0.7108054075011251,0.7704168073675637,0.9951556322735119,0.7723756428540559,0.8697260207309357,0.7694824765349177,0.5090483879948772
0.25,3,4-hop Gaussian,0.6602388361179901,0.7264858353045067,0.9922929825578026,0.7400492674705044,0.8478067135359937,0.7358198693709178,0.5242510285681173
0.25,3,8-hop Gaussian,0.5756790238997771,0.6784692805553226,0.9942646058131622,0.6630364319979256,0.7955508886555439,0.6605101711333549,0.4828424224749684
0.25,4,No graph,0.8576425820024105,0.7896009070742346,0.9900305928160367,0.9999783914603051,0.9949796282559852,0.990009412972788,0.42083306591361275
0.25,4,1-hop Gaussian,0.7674278121289971,0.8109030793352365,0.9947015373371962,0.8235014477721596,0.9010414819543452,0.8199049073815107,0.4605486388432125
0.25,4,2-hop Gaussian,0.6944111440918234,0.7746917732416759,0.9949550155553687,0.7670815506288085,0.8662835389289506,0.7641095182745706,0.48420639591916814
0.25,4,4-hop Gaussian,0.61296686945468,0.7192361262629345,0.9957222256916256,0.6890747223302649,0.8144922353902738,0.6870408273187547,0.5018110285393118
0.25,4,8-hop Gaussian,0.5844358632495875,0.6844366539194272,0.9922044037164313,0.6738190933056744,0.8025892466476204,0.6702706188336952,0.49605447371770395
0.25,5,No graph,0.6015714812925138,0.753149309651653,0.988713561697998,0.5943861013872682,0.7424391692195577,0.5903803228021978,0.16954818302720967
0.25,5,1-hop Gaussian,0.7351560178559522,0.7927862116403229,0.9958064685223044,0.8209948571675526,0.8999905249194619,0.818166157026573,0.497850815117681
0.25,5,2-hop Gaussian,0.6950945929692192,0.7676017845605717,0.9947712776150456,0.7852111154328191,0.877655270689676,0.7819836880500979,0.5029702428207725
0.25,5,4-hop Gaussian,0.5665673423173347,0.7173664454454284,0.9989965955921878,0.6023812610743766,0.7515738107113489,0.6020170172331879,0.48862211073284356
0.25,5,8-hop Gaussian,0.5308346171341133,0.6704095216193953,0.9969389909225248,0.612277972254635,0.7586345381526105,0.611129084438693,0.5069664344521849
0.25,6,No graph,0.850331669532483,0.7865347488031659,0.9839683619663208,1.0,0.9919194084235344,0.9839683619663208,0.4186511311447525
0.25,6,1-hop Gaussian,0.7858908299470679,0.7954955342700786,0.9883319132822115,0.9023510091188037,0.9433864226815769,0.8928395800816745,0.4556707374798826
0.25,6,2-hop Gaussian,0.6920486559828344,0.7725359794159911,0.9953086349549345,0.756428540559229,0.8595808419992879,0.7537411450595354,0.4748230075914816
0.25,6,4-hop Gaussian,0.6250383614689126,0.7253500513433968,0.9937655477411628,0.6992091274471671,0.8208627709636094,0.6961554183429789,0.49190749669850437
0.25,6,8-hop Gaussian,0.5666108506960719,0.6753375223398709,0.9915814598587234,0.6642897273002291,0.7955901191754765,0.6605642579342057,0.5009515208205657
0.25,7,No graph,0.6077689550459264,0.7614369969135237,0.9849212366270744,0.5052940922252475,0.6679234504427307,0.5014152157131829,0.15095611153230562
0.25,7,1-hop Gaussian,0.7222120476427221,0.7998902686406362,0.9973849087442114,0.791175072388608,0.8823926350797706,0.7895372406952171,0.47581040588395535
0.25,7,2-hop Gaussian,0.6935104596154258,0.7623199644465628,0.9955644705616454,0.7614633303081377,0.8629184318142861,0.758888769247335,0.4878234828794214
0.25,7,4-hop Gaussian,0.637552084732043,0.7168623017309139,0.9934328709838914,0.7289424780673323,0.8408799152489562,0.7254467645857078,0.42765850929116234
0.25,7,8-hop Gaussian,0.5672353445086795,0.6783544235805615,0.9949236872184496,0.6395047322701932,0.7785699252867516,0.637424885308751,0.45542257782559
0.25,8,No graph,0.680165925832793,0.7699113097822199,0.9941057547196674,0.7543973378279096,0.8578203127879406,0.7510379692373884,0.23824710270793586
0.25,8,1-hop Gaussian,0.7415793462728295,0.7870884173014896,0.9965470530425775,0.8107308008124811,0.8940865275775375,0.8084597483192553,0.4825626178650163
0.25,8,2-hop Gaussian,0.6729899630218281,0.7568497595879289,0.996484858962169,0.7473313453476814,0.8541087855775762,0.7453663793103448,0.5052006799781024
0.25,8,4-hop Gaussian,0.6619694886760362,0.7145640274523483,0.991308750316429,0.7615713730066123,0.8613850496755509,0.7565200592439951,0.48935392231316627
0.25,8,8-hop Gaussian,0.5597016764653024,0.6696525993743684,0.9943767267999349,0.6610484463459959,0.7941539140479991,0.6585864674603346,0.5410368925727288
0.25,9,No graph,0.6502760406757091,0.7745170098434536,0.9971571596316667,0.697307575954017,0.820701932858596,0.6959240888505499,0.36743711760707004
0.25,9,1-hop Gaussian,0.7286148552271663,0.8097316166668628,0.9984909878440688,0.7720947318380224,0.8708187611956667,0.7711948545281878,0.48548274416655024
0.25,9,2-hop Gaussian,0.6890148224153202,0.7598002256437193,0.9947966206009063,0.7683996715501966,0.8670632985467667,0.7653236914600551,0.48422201085436134
0.25,9,4-hop Gaussian,0.6306168184809579,0.7302975593691594,0.9958576011461675,0.6909114482043304,0.8158193531925751,0.6889315033074056,0.5065250568411873
0.25,9,8-hop Gaussian,0.5605297076991944,0.6829138045246452,0.9951483733758681,0.6471109382427935,0.7842505663144387,0.6450758228502499,0.5118798391652544
0.5,0,No graph,0.47568428792995326,0.7511454602256424,0.9878953533775868,0.27334802714032586,0.42821116057072256,0.2724355523011651,0.005076142131979695
0.5,0,1-hop Gaussian,0.7526817250102067,0.8001427025663523,0.994723160904601,0.8268939885042569,0.9030773587577288,0.8232826316129171,0.4866649337145828
0.5,0,2-hop Gaussian,0.6779270469477121,0.7620918266309027,0.9963051012516827,0.751631444746964,0.8568437388380485,0.7495420949425733,0.5027926560307049
0.5,0,4-hop Gaussian,0.5781835192734467,0.7216753143771351,0.997816972175058,0.6222395090539782,0.766493205744174,0.6213935823568763,0.4766277417789944
0.5,0,8-hop Gaussian,0.5665512661950898,0.6817647653336323,0.9938852761331651,0.6638143394269416,0.7959889618718179,0.6611143392084705,0.4806690607913553
0.5,1,No graph,0.44926465394561266,0.7220517997581576,0.9993582430119795,0.3028436838238472,0.4648270372458625,0.30278479918767687,0.014475185396463206
0.5,1,1-hop Gaussian,0.6914366194017055,0.7813832894444325,0.9986162101101383,0.7640995721509141,0.8657575164038782,0.7632913851533663,0.4884213499011579
0.5,1,2-hop Gaussian,0.7005452900488314,0.7602085858773507,0.9938999258099085,0.7816024893037729,0.8750589686830932,0.7778709677419355,0.4767400324238178
0.5,1,4-hop Gaussian,0.6348688849648111,0.7311361413782794,0.9951209034000246,0.7007433337655041,0.8223822686582304,0.6983439929366669,0.442095249785197
0.5,1,8-hop Gaussian,0.5368674356859467,0.6739137205453368,0.9969161557159961,0.5937594537361165,0.7442477756260072,0.5926708797963893,0.47639952109712297
0.5,2,No graph,0.5063093956454918,0.7420219810366988,0.989247311827957,0.36181338865119494,0.529839883551674,0.3603960396039604,0.011875221552640907
0.5,2,1-hop Gaussian,0.6965237064980353,0.7851345278014776,0.9979250785105428,0.7690479277410432,0.8686632008005661,0.7678201587849499,0.4859522207267833
0.5,2,2-hop Gaussian,0.5398814905747863,0.7556103156433249,0.9999536199619684,0.46588011582177274,0.6356225769837409,0.4658700490503252,0.24650990213811974
0.5,2,4-hop Gaussian,0.6452821770308527,0.7390264935674858,0.9945630471509753,0.6996412982410649,0.8214326487638425,0.6969755677537401,0.5009983105513746
0.5,2,8-hop Gaussian,0.510130726424296,0.672449710654402,0.9972771897530296,0.5619300747655473,0.7188268789562429,0.5610692787330902,0.4869228409265225
0.5,3,No graph,0.5129114805690292,0.7490171814469542,0.9913967010798623,0.3610570897618739,0.5293353608312742,0.35992934536759796,0.024504568648392074
0.5,3,1-hop Gaussian,0.6114110340574617,0.775220550515641,0.9998578788417125,0.6080859155538269,0.7562447092968572,0.6080333607017847,0.23425119914727305
0.5,3,2-hop Gaussian,0.6964211625567539,0.7707582515711936,0.9963900985560394,0.7515017935087946,0.8567909142420733,0.7494612533402293,0.5152131560852624
0.5,3,4-hop Gaussian,0.638056737566246,0.7209564796698114,0.9935377746445776,0.730887246639872,0.8422101043300715,0.727429136737064,0.5247326988602984
0.5,3,8-hop Gaussian,0.5714553277569543,0.6908706314376821,0.995263034993495,0.6446907817969662,0.7825060651760539,0.6427186557518311,0.48563898989225074
0.5,4,No graph,0.4569098758988146,0.7204717916912089,0.9908514271773603,0.351052335883141,0.5184286945144717,0.3499181528388042,0.022017565259819467
0.5,4,1-hop Gaussian,0.5356464105662301,0.7713522889077306,0.9988413185794566,0.372552832879554,0.5426903161837611,0.372391895978228,0.09362145877990846
0.5,4,2-hop Gaussian,0.6439302521840592,0.7674110621091076,0.9988356724778148,0.6858766584554216,0.813287895869632,0.6853287271942136,0.5020769085530871
0.5,4,4-hop Gaussian,0.6101362789788689,0.7311369212240804,0.996378334680679,0.6658239336185661,0.7982332292786549,0.6642164259538693,0.5031851253031527
0.5,4,8-hop Gaussian,0.5356747589301325,0.6793849779153,0.9963668391500605,0.5866718527161935,0.7385042229385124,0.5854194967332945,0.5231384637968366
0.5,5,No graph,0.6222662171156235,0.7499427353714615,0.9919688588404015,0.5231211374735295,0.6850020514126451,0.5209149201704179,0.13439868879328007
0.5,5,1-hop Gaussian,0.6383894040309486,0.7949766520693191,0.9998655688119644,0.6428756644625956,0.7825812476161665,0.6428201028477594,0.2657368509494203
0.5,5,2-hop Gaussian,0.6560964537575483,0.7639023114791474,0.9983127956373716,0.7159989627900947,0.8339100781436787,0.715133595200069,0.5278238076587026
0.5,5,4-hop Gaussian,0.6153003350730781,0.7206506301601142,0.9955044335586284,0.6938286010631401,0.8177303519584374,0.6916614609137712,0.5009611211012588
0.5,5,8-hop Gaussian,0.503092871773388,0.6557808510160122,0.9977786005183266,0.5823501447772159,0.7354546446894444,0.5815960982347101,0.5137726767863754
0.5,6,No graph,0.5910536202636288,0.7610119569970569,0.9792892536388975,0.5466312286615671,0.7016225211482457,0.5403840813449255,0.1406395168782905
0.5,6,1-hop Gaussian,0.5280953917689373,0.7665263404004741,0.997968855788761,0.4140628376334327,0.5852868858718062,0.4137141870155666,0.1889484922660278
0.5,6,2-hop Gaussian,0.7239593736684258,0.7508067567894573,0.9875284019187074,0.8452396387052163,0.9108606557377049,0.8363123236124177,0.4575864680636203
0.5,6,4-hop Gaussian,0.6504435678574236,0.7195415710747569,0.9904025819602514,0.7559315441462466,0.8574264705882353,0.7504343908874445,0.4690844233055886
0.5,6,8-hop Gaussian,0.5381372727846683,0.6730176343354414,0.9951539338654504,0.6034832965988158,0.7513384089747384,0.6017149997845478,0.5208808437856328
0.5,7,No graph,0.45659102269460916,0.7440097698326118,0.9967334307573283,0.2505510177622196,0.40044205764017193,0.25034545297521377,0.0033525315911630705
0.5,7,1-hop Gaussian,0.5652536477982156,0.7700702959920214,0.9992860057119543,0.4233977267816241,0.594784931548432,0.42326967942625077,0.1694206446348429
0.5,7,2-hop Gaussian,0.7151676142472626,0.7701547835386969,0.993518871521159,0.7883659622282726,0.879132530120482,0.78433227276636,0.47576384728500626
0.5,7,4-hop Gaussian,0.583160867035228,0.7212944039328887,0.9973295056247288,0.6455983404641514,0.7838132091558996,0.6444842314163682,0.46086056681243115
0.5,7,8-hop Gaussian,0.5504306170061822,0.6842101588420966,0.9956960369107875,0.6248757508967544,0.7678602249040772,0.6231924660043532,0.46389835760768516
0.5,8,No graph,0.5018511121448418,0.7407119863754723,0.996244489196103,0.3955227105752193,0.5662402747057277,0.39493386842729844,0.06291841288847766
0.5,8,1-hop Gaussian,0.652518423602106,0.7765336864534975,0.9991780215611268,0.6829378970569169,0.8113311684144322,0.6825544229440221,0.516929594385255
0.5,8,2-hop Gaussian,0.6340978812652556,0.7399750094492148,0.9982680233816843,0.6974588357318813,0.8211827861240794,0.6966158760305607,0.5141805585624594
0.5,8,4-hop Gaussian,0.636481786764216,0.7194209173798806,0.9947017502083582,0.7221141795237478,0.8367679094573954,0.7193473394179438,0.5142874151684724
0.5,8,8-hop Gaussian,0.5554237656156644,0.6677333229459848,0.9952075082370953,0.6461601624962185,0.7835702587618736,0.6441557882038689,0.4961560222318368
0.5,9,No graph,0.4625242957094501,0.7326356534964065,0.9957452945842648,0.2983707161070055,0.4591570371601961,0.2979908064829402,0.005841205740246629
0.5,9,1-hop Gaussian,0.6443038664198889,0.7817192024867858,0.9998074269024617,0.673127620035438,0.8045715761606509,0.6730403595194884,0.3076034278011362
0.5,9,2-hop Gaussian,0.6312913106582865,0.761859927103502,0.9993288376106619,0.6756558191797398,0.8062191395825544,0.6753493595973995,0.45562338201923996
0.5,9,4-hop Gaussian,0.6068141123846602,0.7232950773768293,0.9970737871180129,0.6479320627511993,0.7854514020772486,0.6467023249795109,0.4595484321484388
0.5,9,8-hop Gaussian,0.5437451360653768,0.6774169772195628,0.9965813183291193,0.6047149833614245,0.7526997404483654,0.6034631474533143,0.4723122395926071
1.0,0,No graph,0.40330620432199143,0.6957721208705899,0.9926501766784452,0.15175677427719433,0.2632654208760519,0.15158644506799052,0.0025441696113074207
1.0,0,1-hop Gaussian,0.4332591251708921,0.7362976247747662,0.9986769304787106,0.17941570508665025,0.30418376318874557,0.17937306919570525,0.018162136155881647
1.0,0,2-hop Gaussian,0.4465096745503147,0.7244274297847728,0.9971928665785997,0.26098794243485024,0.41370097619455387,0.26079633788219037,0.039795244385733154
1.0,0,4-hop Gaussian,0.48614716775843553,0.7059155667023305,0.9961268110744513,0.4501490989238947,0.6200830468366298,0.44936258331715523,0.2506574857743987
1.0,0,8-hop Gaussian,0.47046303538896184,0.665751982430185,0.9976939203354298,0.5141752020398461,0.6786162445813368,0.5135648457902575,0.33245283018867927
1.0,1,No graph,0.40491459140226793,0.6918086670522913,0.9946635042988438,0.21748995202904187,0.3569338794616735,0.21723646723646722,0.0035576638007708272
1.0,1,1-hop Gaussian,0.46863838551764325,0.7426685149058063,0.9978793590951932,0.27453649682354464,0.43060498220640575,0.2743764172335601,0.04131322651586553
1.0,1,2-hop Gaussian,0.4446068342143011,0.7256310390567177,0.9981381178063643,0.2548511171615022,0.4060316039522154,0.2547300215982721,0.04214624238320921
1.0,1,4-hop Gaussian,0.602412586847011,0.7189054550198344,0.9959818535320804,0.6641600760620597,0.7969094350385024,0.6623852420154304,0.45090732339598183
1.0,1,8-hop Gaussian,0.4945355499804229,0.674653144250156,0.9978309768637532,0.5367993431003932,0.6980638997386686,0.5361737028403695,0.3699791131105398
1.0,2,No graph,0.33144026373239044,0.6384373446716225,0.972254844392249,0.1431133583992394,0.24950084761725372,0.14253125874276368,0.002055196711685261
1.0,2,1-hop Gaussian,0.4737101306321134,0.749805032637591,0.9989237392373924,0.28078136479536714,0.43834969470026647,0.2806964486304329,0.027367773677736778
1.0,2,2-hop Gaussian,0.49585154751745947,0.7390221988162734,0.9981841292899946,0.35634642810838846,0.5251994458510486,0.3561155739828971,0.11524726106167907
1.0,2,4-hop Gaussian,0.517579664019563,0.709412511273445,0.9984826132771338,0.5118846968321881,0.6767995657328971,0.5114868074448331,0.2676080084299262
1.0,2,8-hop Gaussian,0.5652405804478262,0.6860537183767983,0.9929694908603381,0.6561649163749513,0.7901742151211959,0.6531305787968081,0.46689120695856906
1.0,3,No graph,0.3693303470727641,0.669257316070401,0.9821936441201929,0.17163663079649077,0.2922100616205279,0.1711042178277541,0.0023494497341412144
1.0,3,1-hop Gaussian,0.47680752374674673,0.7492383234933105,0.9980611208567999,0.233588314101733,0.37857430527587593,0.23348236462990563,0.020035084479734098
1.0,3,2-hop Gaussian,0.5473541336611061,0.7424016331680563,0.9991451947734766,0.5304032153507066,0.6929493965699767,0.5301626385019115,0.24773069564863434
1.0,3,4-hop Gaussian,0.6586863598785906,0.7310386763313258,0.9914672816373594,0.7432041142659579,0.8495702005730659,0.7384806973848069,0.5194868838281925
1.0,3,8-hop Gaussian,0.5530214043260255,0.6818166451082991,0.9960649115475693,0.6180690608928648,0.7628076912819691,0.6165635575866009,0.5056066304499234
1.0,4,No graph,0.3590059827951325,0.6578340658991088,0.9851310812573366,0.16320930031548467,0.28002595235888406,0.16280824280048284,0.0023477240119994785
1.0,4,1-hop Gaussian,0.46216000626207787,0.7493711669851079,0.9991935483870967,0.24095682613768962,0.38827953619554995,0.24090997472292436,0.017293906810035842
1.0,4,2-hop Gaussian,0.5155806514907466,0.7392191034214118,0.99800796812749,0.3789057435498509,0.5492732740258114,0.37861939412260054,0.15856573705179283
1.0,4,4-hop Gaussian,0.6031895369709792,0.7149603755927628,0.9954742416947521,0.6701672500972384,0.8010538142652357,0.6681315840496348,0.494174289841117
1.0,4,8-hop Gaussian,0.5238495760294626,0.6713774143665011,0.9965361335958579,0.5905829984009681,0.741642244654293,0.5893731266038428,0.4712316779698097
1.0,5,No graph,0.36834835081875933,0.6640903318945398,0.9946737683089214,0.12913263321664722,0.22858891481467314,0.1290434031526668,0.002829560585885486
1.0,5,1-hop Gaussian,0.4563828324878647,0.7430977924133133,0.9995057253480517,0.2621764121180691,0.41539277949911846,0.26214242502808743,0.028832688030315513
1.0,5,2-hop Gaussian,0.44272231297655074,0.7251640188816411,0.9901062363149785,0.2638186611348805,0.41662543295398324,0.263125,0.016057091882247992
1.0,5,4-hop Gaussian,0.5422396743905381,0.7015102549895917,0.9986449368247574,0.5892216604001902,0.7411494502806354,0.5887509446183742,0.268082768723677
1.0,5,8-hop Gaussian,0.3942439397661697,0.6495945809390289,0.9995842283972005,0.311703185098751,0.475217842494523,0.3116627776337395,0.2579862795371076
1.0,6,No graph,0.3518232402483982,0.6599831297522276,0.9745464772887077,0.1497471800855698,0.25960403828504,0.14916377881573,0.0019687807621994093
1.0,6,1-hop Gaussian,0.4942577695287803,0.755424790153441,0.9983130028549182,0.33246899174553785,0.4988166639649862,0.3322823082239115,0.06021282117830262
1.0,6,2-hop Gaussian,0.4957376496745255,0.7361365590275022,0.9985181672692787,0.3640174597000735,0.5335318057293069,0.3638209187309678,0.1982099460612886
1.0,6,4-hop Gaussian,0.47858983886351,0.7059037694168682,0.9955884947944239,0.3657461428756645,0.5349642061347366,0.3651543589411689,0.14257984824422093
1.0,6,8-hop Gaussian,0.5140591675987853,0.6617987465243526,0.9964564915613355,0.5894161372574441,0.740699505783957,0.5881832884097035,0.5408782055965514
1.0,7,No graph,0.38544713509644307,0.6789841996871915,0.9687913250462841,0.15830416180474524,0.2721396731054978,0.15750096745066003,0.0021158423697434543
1.0,7,1-hop Gaussian,0.7078477223456175,0.790293680550537,0.9962945153169462,0.7610959851333247,0.8629564748686159,0.7589476179189382,0.2952224705116963
1.0,7,2-hop Gaussian,0.4933862313036262,0.7284962498071279,0.9989015817223199,0.39301611997061237,0.564091430698136,0.39284634325456824,0.20815026362038663
1.0,7,4-hop Gaussian,0.5053393485743295,0.7044440345150572,0.9989412611696946,0.5097022343230044,0.6749939191026026,0.509427034965337,0.29128022699360523
1.0,7,8-hop Gaussian,0.5458567641542171,0.6776482646440697,0.99551631372008,0.6237088897532305,0.7669252843022638,0.62196173073608,0.46702766089535763
1.0,8,No graph,0.3651135154499488,0.6620702179990077,0.9927404718693285,0.17729806819655128,0.30086353885924866,0.1770684966981743,0.0024198427102238356
1.0,8,1-hop Gaussian,0.5017331874512632,0.7486876682879431,0.9979945566537746,0.3010933921085613,0.4626162018592297,0.30091132898544465,0.1042830540037244
1.0,8,2-hop Gaussian,0.501327955026188,0.7279296828421754,0.9987996508075077,0.39556592765460913,0.5666965916478346,0.395377969762419,0.20329550414666084
1.0,8,4-hop Gaussian,0.5064030105458108,0.6954480725942398,0.9986511182664695,0.4959375945373612,0.6627490615073636,0.4956056058217625,0.2788704203289531
1.0,8,8-hop Gaussian,0.48850975157199544,0.6583290228021589,0.9978194152802455,0.5339470158606682,0.6956448298189803,0.5333246999913667,0.28900823776449686
1.0,9,No graph,0.32621210710054543,0.6384984230480902,0.987869822485207,0.1443018280824582,0.25181945020551305,0.14404659188955996,0.0026627218934911242
1.0,9,1-hop Gaussian,0.5011722381752454,0.7519520209515322,0.9986706145386428,0.35712433553740436,0.5261113852324638,0.3569546436285097,0.058613813523475736
1.0,9,2-hop Gaussian,0.4567383818525136,0.7251526276096428,0.9996402230617017,0.2401573101689788,0.38727437452087254,0.24013655416792706,0.04065479402770283
1.0,9,4-hop Gaussian,0.6120063194486822,0.7283316517671536,0.996344225169848,0.6654781969834479,0.797973778307509,0.6638572136836887,0.45292785506308636
1.0,9,8-hop Gaussian,0.5112597913452128,0.6714199755239691,0.9974648536529154,0.5611305587968365,0.7182210421506804,0.5603314344899016,0.481793039870938
2.0,0,No graph,0.28634671256735084,0.5896876563042965,0.9972243250063083,0.08539694887419508,0.15732170936088052,0.08537665536088487,0.002271006813020439
2.0,0,1-hop Gaussian,0.4354927411769202,0.7140835408677964,0.9895370957514268,0.20232075716323092,0.33595263724434876,0.20188886732647648,0.02134855210314944
2.0,0,2-hop Gaussian,0.4467666273827772,0.715304675443264,0.9950738916256158,0.2226111759367302,0.3638289982518409,0.22236612057242763,0.02231237322515213
2.0,0,4-hop Gaussian,0.44658723763444036,0.6874166084407475,0.9981422505307855,0.3250788711698863,0.4904319478402608,0.3248823046689414,0.19327229299363058
2.0,0,8-hop Gaussian,0.41512246154119736,0.6568716927498658,0.9917601139954154,0.3459095034357578,0.5129207452858905,0.34491823059188553,0.23957623443404993
2.0,1,No graph,0.35680647453016406,0.6331351298421839,0.9993153811045185,0.094623795323912,0.17287801026450847,0.09461766167541756,0.0029666818804198994
2.0,1,1-hop Gaussian,0.43652436241049053,0.7083383155911722,0.7906224737267583,0.12679891092959938,0.21854748603351956,0.12267937782237832,0.004311506332524926
2.0,1,2-hop Gaussian,0.4355897093434816,0.7082777910334936,0.9982005141388175,0.1678119192704957,0.2873210255651338,0.16776116823641235,0.019408740359897172
2.0,1,4-hop Gaussian,0.3956835617179592,0.6727613117034802,0.9981842941443486,0.23758589394528717,0.3838165220882132,0.23748326061600933,0.042669087607807535
2.0,1,8-hop Gaussian,0.3783313008257549,0.6453308605730114,0.9637600243630088,0.20515147586326116,0.33829214844376343,0.20358100139380295,0.05024870571515582
2.0,2,No graph,0.29622878479898174,0.5715718549121833,0.9770762115423286,0.10499589437745797,0.18961581237439268,0.10473788584238662,0.0024130303639654134
2.0,2,1-hop Gaussian,0.4147540409011369,0.7033089844751202,0.9966135177084803,0.15262111586498983,0.26470533120959433,0.15254200682475919,0.00804289544235925
2.0,2,2-hop Gaussian,0.392411624111598,0.6841147482892573,0.997229916897507,0.14002333722287047,0.24556616643929055,0.13996889580093314,0.015389350569405972
2.0,2,4-hop Gaussian,0.409795450286478,0.6847935551342368,0.9965100046533272,0.18509875102640563,0.3122061449866968,0.18497883734991794,0.03385295486272685
2.0,2,8-hop Gaussian,0.39632771367673664,0.6541657939351518,0.9986501508654915,0.2717706037425991,0.4272659328713141,0.2716708067825899,0.16619024932507542
2.0,3,No graph,0.35194495690710076,0.5914384264495409,0.997789078045545,0.09751933964302692,0.17767366784118424,0.0974982716902869,0.001989829759009507
2.0,3,1-hop Gaussian,0.4284605063340764,0.7111946451575925,0.984629294755877,0.1411901983663944,0.24696677627848965,0.1408796895213454,0.009945750452079566
2.0,3,2-hop Gaussian,0.4310369915988248,0.7048105425393109,0.9965364633442371,0.22382125415964388,0.36554206662902317,0.22364727728116768,0.03165287665961131
2.0,3,4-hop Gaussian,0.40910395540064737,0.6898224563609033,0.9978552778813875,0.23123298327499028,0.37546051015753834,0.23111811839917065,0.037579261469600896
2.0,3,8-hop Gaussian,0.4143566279067219,0.6534828851647708,0.9952453278742653,0.3256623017416483,0.4907442080070334,0.3251564185544768,0.22294129300666976
2.0,4,No graph,0.29931356093148753,0.5647614261898578,0.9807980049875312,0.08498638661999222,0.15641902640789057,0.084845216265775,0.0029925187032418953
2.0,4,1-hop Gaussian,0.41574662967060894,0.7013231624737815,0.9965483234714004,0.13101257617010242,0.23158015354646494,0.13095315233590357,0.010683760683760684
2.0,4,2-hop Gaussian,0.42541883037747547,0.7063865830849606,0.9949441752685907,0.20411426595790658,0.3387362834397189,0.20390277597893192,0.02433115651990731
2.0,4,4-hop Gaussian,0.43758861327390614,0.688608397662471,0.9903080872913992,0.333398158952418,0.49885220990009377,0.3323138555644102,0.10994865211810013
2.0,4,8-hop Gaussian,0.4222455550700955,0.653969188027547,0.9978056426332288,0.3438999092441333,0.5115060744359452,0.3436400146827025,0.24758620689655172
2.0,5,No graph,0.3392980705967312,0.6137078578962324,0.9982834722903384,0.08796836509788669,0.16168877591548178,0.08795506103489252,0.0024521824423737125
2.0,5,1-hop Gaussian,0.4276115014242728,0.7180762889038924,0.9692373121633115,0.14773758589394528,0.2563939098477462,0.14704806968491235,0.007371703997731784
2.0,5,2-hop Gaussian,0.3934454186865553,0.6937168598245994,0.9984,0.17528847400492675,0.2982188482252817,0.17523924736989913,0.02646153846153846
2.0,5,4-hop Gaussian,0.40726372121747356,0.6804425930085947,0.9895010595261029,0.22198452828557846,0.36261913166254856,0.2214629098669886,0.04893084184164901
2.0,5,8-hop Gaussian,0.39454272732505474,0.6466232611661689,0.9971108971034891,0.29085094429318464,0.45034043193870543,0.2906060409784744,0.13734350692643899
2.0,6,No graph,0.3017524072202361,0.5805029622437654,0.9923572003218021,0.10661653485457452,0.19254634146341462,0.10652906123153985,0.002413515687851971
2.0,6,1-hop Gaussian,0.4274790596220669,0.7037341749449827,0.9874352128160829,0.13585288906175721,0.23884509450090227,0.13561844773286164,0.00738181247055128
2.0,6,2-hop Gaussian,0.44308133054862064,0.7069969940174431,0.9883950076636742,0.29262284454816545,0.4515580453158606,0.29162090574326505,0.052623896065980585
2.0,6,4-hop Gaussian,0.4719579205487004,0.6939878990861105,0.9956775700934579,0.36833916763905095,0.5377456702104167,0.3677511218501899,0.24094626168224298
2.0,6,8-hop Gaussian,0.4260818293685794,0.6591675887924898,0.9954871250331829,0.3241280954233113,0.48902943957226225,0.32365252664739136,0.29718608972657284
2.0,7,No graph,0.3268323081476872,0.6072530633694503,0.9961508852963818,0.08388435109555296,0.15473841554559045,0.0838571706305489,0.002052861175263023
2.0,7,1-hop Gaussian,0.4345171967187498,0.7024871734868847,0.9836179853607528,0.1219585980379446,0.2170101507228545,0.12171137755542137,0.0059254095503659815
2.0,7,2-hop Gaussian,0.42807745662910013,0.708047123675501,0.9944459496071525,0.15862828990016856,0.2736116287737607,0.158487877544852,0.01219181793551883
2.0,7,4-hop Gaussian,0.4056654394756377,0.6815071177522251,0.9971640915313906,0.220342279268767,0.36093019963188444,0.22020428876843673,0.05613142968902797
2.0,7,8-hop Gaussian,0.3560851602061863,0.6337231777409903,0.9974811083123426,0.20536756126021002,0.34060853671648206,0.2052611118310224,0.12636439966414778
2.0,8,No graph,0.2884560992927396,0.5662826364612573,0.9703811604758437,0.08636933316046501,0.15862055281068316,0.08614224137931034,0.0019422189851905803
2.0,8,1-hop Gaussian,0.41153512862215985,0.6851919137933054,0.984948726430698,0.12867885388305458,0.22762021252197845,0.12842631930815845,0.006450545815415151
2.0,8,2-hop Gaussian,0.4306464723622714,0.6957968966566008,0.9926316947102166,0.19503867928605384,0.3260190352350509,0.19475671593483654,0.019135598812273176
2.0,8,4-hop Gaussian,0.38048379038580155,0.6636990468897285,0.9972096267875828,0.1853364449630494,0.3125785819712459,0.18524037838538293,0.07952563655388908
2.0,8,8-hop Gaussian,0.5335374979248229,0.6593356922249929,0.9953224663359319,0.6069406629499978,0.754060511691589,0.6052143934496875,0.26934798015591777
2.0,9,No graph,0.3200259759966342,0.5775217199330565,0.9974352398050782,0.08403561087341717,0.15501126013910757,0.08401745592810232,0.0028212362144139523
2.0,9,1-hop Gaussian,0.4180737229080486,0.7039454110354884,0.9532101555230627,0.15495483815203767,0.2665749707254512,0.15378511687754665,0.009969427090256546
2.0,9,2-hop Gaussian,0.4358107367532323,0.705951426625542,0.9846431797651309,0.164873157871991,0.28245136690913797,0.16445028773412074,0.012130597496451154
2.0,9,4-hop Gaussian,0.4320729293136681,0.6829785731679129,0.9974391005621487,0.3450667703876572,0.5127472386334446,0.34476132904423673,0.2051217988757027
2.0,9,8-hop Gaussian,0.4046277347418928,0.6436211866246022,0.9980515587529976,0.28778253165651063,0.44674784475529156,0.2876209398756047,0.2353117505995204
4.0,0,No graph,0.2922563323487691,0.56840893300341,0.9996610169491525,0.063723583560223,0.11980986430486716,0.06372220661639189,0.001694915254237288
4.0,0,1-hop Gaussian,0.3480345581132107,0.6165043411132007,0.9853188929001203,0.08846536151086909,0.16235401423671006,0.08834890696821251,0.007701564380264741
4.0,0,2-hop Gaussian,0.3636783615354606,0.6175422656496845,0.9622086444897036,0.09187951078266131,0.16774168096731562,0.09154914414899343,0.013577732518669382
4.0,0,4-hop Gaussian,0.3468645439415762,0.6264717364338241,0.9836697247706422,0.11584338130429146,0.207276523352923,0.11562102357279962,0.024587155963302753
4.0,0,8-hop Gaussian,0.3243812037180168,0.6072821419199318,0.9944192535751657,0.12321189334024807,0.21925709451665,0.12312675448067371,0.0374956400418556
4.0,1,No graph,0.32968366540057004,0.552596836529888,1.0,0.05933705000216086,0.11202676240208878,0.05933705000216086,0.001820830298616169
4.0,1,1-hop Gaussian,0.3615969082376611,0.6012702412488661,0.9606815203145478,0.07919529798176239,0.14632783023576146,0.07893943310071509,0.008125819134993446
4.0,1,2-hop Gaussian,0.3740567838272525,0.6326181483439013,0.9526112185686654,0.10642205799732055,0.19145545016327165,0.10586161683468392,0.01818181818181818
4.0,1,4-hop Gaussian,0.33998597264863617,0.6141870563872082,0.9657615112160567,0.10605471282250746,0.1911214953271028,0.10565745285455955,0.023612750885478158
4.0,1,8-hop Gaussian,0.35649562746991603,0.6308796564870572,0.8731953558808683,0.1868922598210813,0.30788672730185285,0.18195396979004502,0.07783947501261988
4.0,2,No graph,0.3349246493839058,0.5659657536614473,1.0,0.06277280781364795,0.11813024825651139,0.06277280781364795,0.0024096385542168677
4.0,2,1-hop Gaussian,0.3762151745726215,0.6109708846332252,0.9434793881254862,0.07863347594969532,0.14516804627505733,0.07826479697178251,0.0070002592688618095
4.0,2,2-hop Gaussian,0.3722137877242933,0.6292978270706442,0.9689578713968958,0.11331518215998963,0.2029019152640743,0.11290530939155148,0.013488543976348855
4.0,2,4-hop Gaussian,0.36253380649484873,0.6291549947533085,0.7433232469411919,0.12208824927611392,0.20972920804023829,0.11714943291380704,0.01460334166557032
4.0,2,8-hop Gaussian,0.3396041339742733,0.6115516334302529,0.9893039591315453,0.13390812048921732,0.235887480491797,0.13371453231200778,0.0956257982120051
4.0,3,No graph,0.3361120762441828,0.5713373500361439,0.9839073060830383,0.06605730584727085,0.12380277412169688,0.06598601277844932,0.0019311232700354038
4.0,3,1-hop Gaussian,0.38843814649436,0.6211746519306659,0.9761038961038961,0.08120489217338692,0.1499361634216406,0.08104377830493854,0.008571428571428572
4.0,3,2-hop Gaussian,0.3598254223413549,0.6282713524702933,0.9859382203780545,0.09241972427503349,0.16899794531373477,0.09229806426552148,0.01429230059935454
4.0,3,4-hop Gaussian,0.3467084622057969,0.6285673746087337,0.9699967029343884,0.12714464756471758,0.22482041876814915,0.12664657770124838,0.0250576986482031
4.0,3,8-hop Gaussian,0.3459296954429399,0.6200232100051609,0.9542909381784939,0.18045291499200483,0.3035126933071653,0.1789065512661211,0.028682436292995085
4.0,4,No graph,0.34526309444898434,0.5674819272850604,1.0,0.06398288603656165,0.12027051727289342,0.06398288603656165,0.00303951367781155
4.0,4,1-hop Gaussian,0.3465757101394051,0.6021948665170503,0.9491566265060241,0.08511603785816155,0.15622273340207823,0.08472972100927101,0.0077108433734939755
4.0,4,2-hop Gaussian,0.31488344845551797,0.5883655473283032,0.9262962101836782,0.08608842214443148,0.15753573617509242,0.0855027363451014,0.01116019530341781
4.0,4,4-hop Gaussian,0.37440154293090905,0.6262109941833583,0.974768875192604,0.10936081939582523,0.19665824752282882,0.10905212351052597,0.02908320493066256
4.0,4,8-hop Gaussian,0.3445575875807314,0.6182657667880533,0.9931479242241031,0.1597303254246078,0.2751996425978668,0.15955449070776404,0.061399973129114604
4.0,5,No graph,0.3352298749086061,0.569422361593641,0.990271021542738,0.06158433813042915,0.11595736024086582,0.061547099727897035,0.0020847810979847115
4.0,5,1-hop Gaussian,0.37392575978150183,0.6157230973396174,0.9757543103448276,0.07826613077488223,0.14490898179635928,0.07811421670117322,0.008890086206896552
4.0,5,2-hop Gaussian,0.36634864368437,0.6314798910243334,0.9792258910999344,0.09676304075370587,0.17612239680635586,0.09656481142043861,0.013995189153728407
4.0,5,4-hop Gaussian,0.3410300613070889,0.6227871334736808,0.9871634314339386,0.13626345131596007,0.2394713857137432,0.13602243313201035,0.04899812147777082
4.0,5,8-hop Gaussian,0.33836160294531015,0.6150139832717287,0.9960909222527871,0.14866675310082544,0.258719563786782,0.14858006694741388,0.05371362385985232
4.0,6,No graph,0.35007283861998434,0.5725714175269477,1.0,0.06365875794113834,0.11969770843490982,0.06365875794113834,0.0023761031907671417
4.0,6,1-hop Gaussian,0.3620101895788693,0.6032075281493215,0.967741935483871,0.08427330481006094,0.15504492327264055,0.08403723495948974,0.008684863523573201
4.0,6,2-hop Gaussian,0.3497347704339949,0.6242346160912869,0.9817342818688714,0.11033320368209516,0.19837215175119952,0.11010717443339875,0.011343972313016728
4.0,6,4-hop Gaussian,0.3493863182315228,0.6285572865135517,0.9722173685130177,0.1202299148623536,0.21399588469452507,0.11981824837952494,0.026210029704700332
4.0,6,8-hop Gaussian,0.35047462204143087,0.6160054691031686,0.7634911580148317,0.1446043476381866,0.2431553512708246,0.138404583152365,0.05270964061608671
4.0,7,No graph,0.32158651460839743,0.5668735210975915,1.0,0.061216992955616056,0.11537130174502656,0.061216992955616056,0.002117896223085069
4.0,7,1-hop Gaussian,0.37108291323502285,0.6140689036090008,0.9679211922202576,0.08280392411080859,0.15255688038696577,0.08257730847968969,0.006314725940894165
4.0,7,2-hop Gaussian,0.35724973110577557,0.6071648237818735,0.9579168858495528,0.07869830156877998,0.14544728434504794,0.07842715017873293,0.012361914781693845
4.0,7,4-hop Gaussian,0.3401535987896398,0.6206867098647105,0.9791445740544362,0.11971130990967631,0.21333949476278496,0.11940684541770842,0.029869211735595615
4.0,7,8-hop Gaussian,0.3285463039028907,0.6126295200347285,0.938685688268326,0.1336488180128787,0.23398339228630338,0.13249218114048242,0.02929124298072545
4.0,8,No graph,0.34659475484111707,0.5747714331109682,0.9989506820566632,0.06171398936859847,0.11624641308993222,0.061709988980359114,0.002448408534452606
4.0,8,1-hop Gaussian,0.35615738695386684,0.6122465543945889,0.97607421875,0.0863909417001599,0.15873267955691428,0.08620838364671382,0.0078125
4.0,8,2-hop Gaussian,0.35705675059031844,0.6158181839031929,0.9723097703737056,0.09332728294221876,0.170307570977918,0.09307989051960087,0.010130571814497974
4.0,8,4-hop Gaussian,0.33692331332279585,0.6144096794766767,0.9891443167305236,0.13388651194952245,0.2358494157055308,0.13369007034048247,0.036717752234993614
4.0,8,8-hop Gaussian,0.32371816860581026,0.6026643548464901,0.7546860356138707,0.13920221271446476,0.23504943992410698,0.1331762176465724,0.04194001874414246
4.0,9,No graph,0.2892728527860682,0.5468348795720573,1.0,0.06393966895717187,0.12019416292625465,0.06393966895717187,0.003041568097330179
4.0,9,1-hop Gaussian,0.38472188154881104,0.6138298280971581,0.9690537084398977,0.08187475690392844,0.15099226906830318,0.0816612426991961,0.007161125319693095
4.0,9,2-hop Gaussian,0.3628148065443016,0.6190078696618813,0.9353333333333333,0.09095034357578115,0.16578045610303674,0.09038201378599497,0.012444444444444444
4.0,9,4-hop Gaussian,0.3606274828763144,0.6288310585029913,0.9702459861540728,0.14233545097022343,0.24825220947104606,0.14171686746987952,0.028870231256444247
4.0,9,8-hop Gaussian,0.35199258697537417,0.6215124869754641,0.9856503271725404,0.1855309218203034,0.31228063794577093,0.1850311402280025,0.027895763976581334
