section,method,training_mode,train_graph,infer_graph,variant,n_eval_spots,n_reference_domains,n_predicted_domains,ari,nmi,pas,chaos
151507,banksy,fixed,,annotation,mclust,4221,7,7,0.4887051289344901,0.650587631687939,0.8272447287372661,0.0590278575387754
151508,banksy,fixed,,annotation,mclust,4381,7,7,0.4871266753195613,0.6102950321427472,0.8368865555809176,0.0583555167693605
151509,banksy,fixed,,annotation,mclust,4788,7,7,0.3871724064926699,0.5629784083168996,0.7958228905597327,0.0575649545229177
151510,banksy,fixed,,annotation,mclust,4595,7,7,0.3256261357311599,0.5234579257093719,0.7963438520130577,0.0587518481377988
151669,banksy,fixed,,annotation,mclust,3636,5,5,0.3393689076404274,0.5289095115910013,0.8705170517051705,0.0622977695352636
151670,banksy,fixed,,annotation,mclust,3484,5,5,0.2913527335269681,0.4448702373698182,0.8652698048220436,0.0616831324874806
151671,banksy,fixed,,annotation,mclust,4093,5,5,0.5844725204395247,0.6654764445515363,0.8710236989982898,0.05905242843833
151672,banksy,fixed,,annotation,mclust,3888,5,5,0.7136620649978536,0.6912469579797762,0.8864454732510288,0.0606814430389785
151673,banksy,fixed,,annotation,mclust,3611,7,7,0.453445266350721,0.6190419517100908,0.8499584602603157,0.0634230318904988
151674,banksy,fixed,,annotation,mclust,3635,7,7,0.4500845122560046,0.60909897051504,0.8497111416781293,0.0621064646937064
151675,banksy,fixed,,annotation,mclust,3566,7,7,0.49799550352594,0.645907652945972,0.8369040942232193,0.0634812747119166
151676,banksy,fixed,,annotation,mclust,3431,7,7,0.4869301638971192,0.6356560001442527,0.830749052754299,0.064727481751846
151507,banksy,fixed,,spatial,mclust,4221,7,7,0.4481722893198793,0.6285658027633123,0.8731106372897418,0.0592743778640042
151508,banksy,fixed,,spatial,mclust,4381,7,7,0.4834675676374427,0.6093620761416441,0.840219128052956,0.0579375339751003
151509,banksy,fixed,,spatial,mclust,4788,7,7,0.3777045583211669,0.5470113142143552,0.7907685881370092,0.0575218005332098
151510,banksy,fixed,,spatial,mclust,4595,7,7,0.3894996366327787,0.5536014718089995,0.7836343852013058,0.0589961453887979
151669,banksy,fixed,,spatial,mclust,3636,5,5,0.3108657083216177,0.4744588201398241,0.8685643564356436,0.0640458665108067
151670,banksy,fixed,,spatial,mclust,3484,5,5,0.3212570058817829,0.4878937997233474,0.8781285878300804,0.0623052396665631
151671,banksy,fixed,,spatial,mclust,4093,5,5,0.5656662869575468,0.648104669470678,0.8727095040312729,0.0589315369702035
151672,banksy,fixed,,spatial,mclust,3888,5,5,0.449220238549057,0.5947488724215945,0.8808899176954732,0.0611328878600769
151673,banksy,fixed,,spatial,mclust,3611,7,7,0.4507038745023659,0.614687650696096,0.8571032954860149,0.0620066277992861
151674,banksy,fixed,,spatial,mclust,3635,7,7,0.5409141186041446,0.6685202039049666,0.8366987620357634,0.0611473209824559
151675,banksy,fixed,,spatial,mclust,3566,7,7,0.4957386145713159,0.6507423353482817,0.8568143578238924,0.0627363707417608
151676,banksy,fixed,,spatial,mclust,3431,7,7,0.5396675733844974,0.657838860593078,0.8398426114835325,0.0646290464510366
151507,graphst,fullneighbors,annotation,annotation,mclust_refined,4221,7,7,0.447550944776785,0.6553404723309272,0.9353233830845772,0.0562564357609417
151508,graphst,fullneighbors,annotation,annotation,mclust_refined,4381,7,7,0.5046877256595558,0.6379899181564318,0.9290344670166628,0.0550771674225688
151509,graphst,fullneighbors,annotation,annotation,mclust_refined,4788,7,7,0.4770463598879194,0.6557015632908745,0.9194653299916458,0.053501358302871
151510,graphst,fullneighbors,annotation,annotation,mclust_refined,4595,7,7,0.4905987340732373,0.6007554741469402,0.93791077257889,0.0551627927432704
151669,graphst,fullneighbors,annotation,annotation,mclust_refined,3636,5,5,0.3006602308857392,0.5012709183668149,0.93987898789879,0.0612227381536852
151670,graphst,fullneighbors,annotation,annotation,mclust_refined,3484,5,5,0.5436137177224591,0.6007846001441318,0.9328932261768084,0.0603213324176385
151671,graphst,fullneighbors,annotation,annotation,mclust_refined,4093,5,5,0.6267566228297679,0.7376505759812956,0.9458343513315416,0.0577367305027124
151672,graphst,fullneighbors,annotation,annotation,mclust_refined,3888,5,5,0.6144179210496438,0.693207213384184,0.942232510288066,0.0595198607262282
151673,graphst,fullneighbors,annotation,annotation,mclust_refined,3611,7,7,0.6316925207280651,0.7304528637533044,0.893962891165882,0.060484783005025
151674,graphst,fullneighbors,annotation,annotation,mclust_refined,3635,7,7,0.4986658858353125,0.6013083321274583,0.9091884456671252,0.0602033078650021
151675,graphst,fullneighbors,annotation,annotation,mclust_refined,3566,7,7,0.4697044080282672,0.6002755876087551,0.9250701065619742,0.0605310509065838
151676,graphst,fullneighbors,annotation,annotation,mclust_refined,3431,7,7,0.5004931067781342,0.6052320869310516,0.9170504226173128,0.0624028474230933
151507,graphst,fullneighbors,annotation,spatial,mclust_refined,4221,7,7,0.4380436898396937,0.6486332308650967,0.93605780620706,0.0562564169786792
151508,graphst,fullneighbors,annotation,spatial,mclust_refined,4381,7,7,0.4671921312435709,0.6279848323718477,0.9279616525907328,0.0551029294702759
151509,graphst,fullneighbors,annotation,spatial,mclust_refined,4788,7,7,0.4186863526850984,0.5910841017953089,0.9110902255639096,0.0535270103633791
151510,graphst,fullneighbors,annotation,spatial,mclust_refined,4595,7,7,0.4432695991268277,0.6048881326490143,0.9198911860718172,0.0551636910141342
151669,graphst,fullneighbors,annotation,spatial,mclust_refined,3636,5,5,0.4467402005746856,0.6067115435072523,0.9352035203520352,0.0611813530814532
151670,graphst,fullneighbors,annotation,spatial,mclust_refined,3484,5,5,0.5386421826395776,0.5943363939232026,0.9340413318025258,0.0602989392786081
151671,graphst,fullneighbors,annotation,spatial,mclust_refined,4093,5,5,0.6130103045593942,0.7236281100029451,0.9461519667725384,0.057735534618723
151672,graphst,fullneighbors,annotation,spatial,mclust_refined,3888,5,5,0.6156593049060421,0.6944560943102206,0.9420781893004117,0.0596150286208498
151673,graphst,fullneighbors,annotation,spatial,mclust_refined,3611,7,7,0.606612796868083,0.7163161622003995,0.8908612572694544,0.0612176447674147
151674,graphst,fullneighbors,annotation,spatial,mclust_refined,3635,7,7,0.4815444312092891,0.619483826220246,0.917496561210454,0.0597790757818467
151675,graphst,fullneighbors,annotation,spatial,mclust_refined,3566,7,7,0.4894966644090773,0.612932945518365,0.9199383062254628,0.060369191309758
151676,graphst,fullneighbors,annotation,spatial,mclust_refined,3431,7,7,0.4804532809078115,0.6237418185300487,0.913582046050714,0.0623689749380779
151507,graphst,fullneighbors,spatial,annotation,mclust_refined,4221,7,7,0.4042791810508593,0.6068838265016612,0.9376214167258944,0.0562569670574929
151508,graphst,fullneighbors,spatial,annotation,mclust_refined,4381,7,7,0.275579249509795,0.4977248009528573,0.9370235106140152,0.0550780034318943
151509,graphst,fullneighbors,spatial,annotation,mclust_refined,4788,7,7,0.4534715723267649,0.6077504571810238,0.9130743525480368,0.0536260524425084
151510,graphst,fullneighbors,spatial,annotation,mclust_refined,4595,7,7,0.4529905686551445,0.6132984152029844,0.9199564744287267,0.0551729079981871
151669,graphst,fullneighbors,spatial,annotation,mclust_refined,3636,5,5,0.3788653033505619,0.5472134566810672,0.9409240924092408,0.0611849586997522
151670,graphst,fullneighbors,spatial,annotation,mclust_refined,3484,5,5,0.6039905301872885,0.6191614749079138,0.934357060849598,0.0603104302948565
151671,graphst,fullneighbors,spatial,annotation,mclust_refined,4093,5,5,0.6302089326210958,0.7474379542034127,0.9443195699975568,0.0577480311510828
151672,graphst,fullneighbors,spatial,annotation,mclust_refined,3888,5,5,0.6479890815982843,0.7186201887157563,0.943312757201646,0.0595197791105175
151673,graphst,fullneighbors,spatial,annotation,mclust_refined,3611,7,7,0.6190238669206909,0.7197252934039494,0.8924951536970368,0.0612020299322521
151674,graphst,fullneighbors,spatial,annotation,mclust_refined,3635,7,7,0.4741449754427628,0.5943090743459061,0.9222833562585968,0.0603603062141929
151675,graphst,fullneighbors,spatial,annotation,mclust_refined,3566,7,7,0.5117934831908981,0.6358280449531963,0.9150028042624788,0.0604867604667069
151676,graphst,fullneighbors,spatial,annotation,mclust_refined,3431,7,7,0.5572468702369444,0.6500262776353783,0.9105800058292044,0.0626242371819594
151507,graphst,fullneighbors,spatial,spatial,mclust_refined,4221,7,7,0.3886420004863285,0.5975878006295176,0.9372897417673536,0.0562555450698193
151508,graphst,fullneighbors,spatial,spatial,mclust_refined,4381,7,7,0.4602260445731853,0.6275149686468644,0.92864642775622,0.0550885892528981
151509,graphst,fullneighbors,spatial,spatial,mclust_refined,4788,7,7,0.4626702253311599,0.6149395736869098,0.9125104427736008,0.0536614031315169
151510,graphst,fullneighbors,spatial,spatial,mclust_refined,4595,7,7,0.4350929768742625,0.6353382541004291,0.9142763873775844,0.0551356553384739
151669,graphst,fullneighbors,spatial,spatial,mclust_refined,3636,5,5,0.2933175285773026,0.4914117658942887,0.9401265126512652,0.0614229111630571
151670,graphst,fullneighbors,spatial,spatial,mclust_refined,3484,5,5,0.5985891542883335,0.6134184162792445,0.9356199770378876,0.0603233662071562
151671,graphst,fullneighbors,spatial,spatial,mclust_refined,4093,5,5,0.6184961348111151,0.7366329575971705,0.9454678719765454,0.0577563943418469
151672,graphst,fullneighbors,spatial,spatial,mclust_refined,3888,5,5,0.6304972494519601,0.7071094061067821,0.9435956790123456,0.059518737007271
151673,graphst,fullneighbors,spatial,spatial,mclust_refined,3611,7,7,0.586462229276948,0.695357647111403,0.9071171420659098,0.0604853345688209
151674,graphst,fullneighbors,spatial,spatial,mclust_refined,3635,7,7,0.475557068546822,0.6056823319759982,0.9148830811554332,0.0597818188905562
151675,graphst,fullneighbors,spatial,spatial,mclust_refined,3566,7,7,0.4320509390883325,0.5922191545945794,0.909814918676388,0.0603425175197282
151676,graphst,fullneighbors,spatial,spatial,mclust_refined,3431,7,7,0.4919874604332501,0.6055724628482898,0.914573010784028,0.0624329706791582
151507,graphst,sampled,annotation,annotation,mclust_refined,4221,7,7,0.4442300085160487,0.6560631283948094,0.9359867330016584,0.0562569396324277
151508,graphst,sampled,annotation,annotation,mclust_refined,4381,7,7,0.4937581490729946,0.607564145349161,0.93026706231454,0.0550920697504321
151509,graphst,sampled,annotation,annotation,mclust_refined,4788,7,7,0.4087716025320159,0.5842792590257985,0.9184837092731828,0.053500502371742
151510,graphst,sampled,annotation,annotation,mclust_refined,4595,7,7,0.4734446910655557,0.6462674464987058,0.9099455930359086,0.0551432207535859
151669,graphst,sampled,annotation,annotation,mclust_refined,3636,5,5,0.4677313843476004,0.5937603256612138,0.9443894389438944,0.061183264847497
151670,graphst,sampled,annotation,annotation,mclust_refined,3484,5,5,0.4264205156340906,0.5226594118335776,0.940154994259472,0.0603050250633925
151671,graphst,sampled,annotation,annotation,mclust_refined,4093,5,5,0.6521728371842215,0.7568858724728632,0.9449792328365502,0.057735478814601
151672,graphst,sampled,annotation,annotation,mclust_refined,3888,5,5,0.6812532473081716,0.7369496293781798,0.9443930041152264,0.059531470446118
151673,graphst,sampled,annotation,annotation,mclust_refined,3611,7,7,0.6248391995654676,0.7335772719981972,0.8919412905012462,0.0604850342217096
151674,graphst,sampled,annotation,annotation,mclust_refined,3635,7,7,0.6113598822911726,0.7190102770102782,0.8989821182943604,0.0597924209105319
151675,graphst,sampled,annotation,annotation,mclust_refined,3566,7,7,0.594561655580692,0.67908959083052,0.8961581604038138,0.0603758037777776
151676,graphst,sampled,annotation,annotation,mclust_refined,3431,7,6,0.5535802884123782,0.6454930764513026,0.92293791897406,0.0623567818861146
151507,graphst,sampled,annotation,spatial,mclust_refined,4221,7,7,0.4684385171518831,0.666395597890145,0.9312959014451552,0.0562580196990545
151508,graphst,sampled,annotation,spatial,mclust_refined,4381,7,7,0.4609743387581941,0.6036162421305102,0.9352887468614473,0.0551393779990031
151509,graphst,sampled,annotation,spatial,mclust_refined,4788,7,7,0.4290183926507505,0.5973183994158833,0.9151837928153718,0.0535043160848431
151510,graphst,sampled,annotation,spatial,mclust_refined,4595,7,7,0.5147958845284945,0.6586552254387202,0.9163873775843308,0.055650337164434
151669,graphst,sampled,annotation,spatial,mclust_refined,3636,5,5,0.4682381132592427,0.5948337007343368,0.9434268426842684,0.0611824113007247
151670,graphst,sampled,annotation,spatial,mclust_refined,3484,5,5,0.3719131991386035,0.4865472156450486,0.9592135476463834,0.0603082125706661
151671,graphst,sampled,annotation,spatial,mclust_refined,4093,5,5,0.6412196963852537,0.7450270202812563,0.945785487417542,0.0577361889319201
151672,graphst,sampled,annotation,spatial,mclust_refined,3888,5,5,0.6665358471912304,0.7256380137056361,0.9433641975308642,0.0595314520969079
151673,graphst,sampled,annotation,spatial,mclust_refined,3611,7,7,0.6069587874511965,0.7272780644729845,0.889227360841872,0.0605003588012506
151674,graphst,sampled,annotation,spatial,mclust_refined,3635,7,7,0.486517562010702,0.6185739141546763,0.9103713892709766,0.0598145028553883
151675,graphst,sampled,annotation,spatial,mclust_refined,3566,7,7,0.4882842943190632,0.6297918038228145,0.9092821088053842,0.0603330064270823
151676,graphst,sampled,annotation,spatial,mclust_refined,3431,7,7,0.567428201404404,0.6569208261360308,0.9039055668901196,0.062358875597099
151507,graphst,sampled,spatial,annotation,mclust_refined,4221,7,7,0.4956927944080976,0.6813232235697337,0.9284766642975598,0.0562594508006174
151508,graphst,sampled,spatial,annotation,mclust_refined,4381,7,7,0.4817412508998494,0.6290080850250116,0.9271627482309976,0.0551030770339803
151509,graphst,sampled,spatial,annotation,mclust_refined,4788,7,7,0.4288720615413712,0.6118705138856607,0.9250835421888054,0.0535088595019555
151510,graphst,sampled,spatial,annotation,mclust_refined,4595,7,7,0.4249341751311625,0.6039991837679152,0.9188030467899893,0.0551537177333097
151669,graphst,sampled,spatial,annotation,mclust_refined,3636,5,5,0.2791057167303698,0.511648525519129,0.9451045104510452,0.0611956754190305
151670,graphst,sampled,spatial,annotation,mclust_refined,3484,5,5,0.4622862652454924,0.5955221378253168,0.941963260619977,0.0603009628985661
151671,graphst,sampled,spatial,annotation,mclust_refined,4093,5,5,0.6429781454750851,0.7476577716900495,0.9461763987295382,0.0577348616629267
151672,graphst,sampled,spatial,annotation,mclust_refined,3888,5,5,0.6729180715088046,0.7305716582863635,0.9439300411522634,0.0595204156371948
151673,graphst,sampled,spatial,annotation,mclust_refined,3611,7,7,0.6253606414853038,0.7350802685456369,0.891359734145666,0.0604858471570976
151674,graphst,sampled,spatial,annotation,mclust_refined,3635,7,7,0.6206143358963012,0.7055882156034389,0.9139477303988996,0.0597716519292585
151675,graphst,sampled,spatial,annotation,mclust_refined,3566,7,7,0.5964816489187278,0.6812160849545082,0.8936623667975323,0.0603335485891527
151676,graphst,sampled,spatial,annotation,mclust_refined,3431,7,7,0.5814807192196069,0.6732277651760673,0.9007286505392014,0.0624195406836333
151507,graphst,sampled,spatial,spatial,mclust_refined,4221,7,7,0.4463958571664281,0.6553838642838924,0.9300876569533286,0.0562590616246533
151508,graphst,sampled,spatial,spatial,mclust_refined,4381,7,7,0.4383653353493158,0.627397578915524,0.9380963250399452,0.0552869013039244
151509,graphst,sampled,spatial,spatial,mclust_refined,4788,7,7,0.424745870788855,0.5881420743190688,0.9166666666666666,0.0535025926673425
151510,graphst,sampled,spatial,spatial,mclust_refined,4595,7,7,0.4309069480504953,0.6016506761670765,0.9164091403699672,0.0552407695928187
151669,graphst,sampled,spatial,spatial,mclust_refined,3636,5,5,0.488871984171121,0.6366297924243633,0.9417216721672168,0.061180796979241
151670,graphst,sampled,spatial,spatial,mclust_refined,3484,5,5,0.6392123635461243,0.5976352783798403,0.9549368541905856,0.0602921341220787
151671,graphst,sampled,spatial,spatial,mclust_refined,4093,5,5,0.6339106281510061,0.7385333117424775,0.9452479843635476,0.0577362359542657
151672,graphst,sampled,spatial,spatial,mclust_refined,3888,5,5,0.655773663165323,0.7171280994388061,0.9440843621399176,0.059521454517132
151673,graphst,sampled,spatial,spatial,mclust_refined,3611,7,7,0.6121876451439324,0.7297565316002571,0.8867349764608142,0.0604843905594627
151674,graphst,sampled,spatial,spatial,mclust_refined,3635,7,7,0.4803494227656468,0.6183558941862851,0.9117469050894084,0.059786844465225
151675,graphst,sampled,spatial,spatial,mclust_refined,3566,7,6,0.5540822754962652,0.6774939030636089,0.912983735277622,0.0603287899987566
151676,graphst,sampled,spatial,spatial,mclust_refined,3431,7,7,0.5524910612612589,0.6494271174125795,0.9057709122704752,0.0624516042314656
151507,graphst,whole,annotation,annotation,mclust_refined,4221,7,7,0.5867255194015364,0.7203965587526315,0.9255863539445628,0.056258429650132
151508,graphst,whole,annotation,annotation,mclust_refined,4381,7,7,0.5474365557182467,0.6449741347521838,0.9270029673590504,0.0551075584878194
151509,graphst,whole,annotation,annotation,mclust_refined,4788,7,7,0.3704689883067432,0.5778784032952863,0.9271512113617376,0.053496365401514
151510,graphst,whole,annotation,annotation,mclust_refined,4595,7,7,0.4746417782861203,0.621865436821649,0.9188248095756256,0.0551517001176816
151669,graphst,whole,annotation,annotation,mclust_refined,3636,5,5,0.4547526551734785,0.595820298257452,0.9366336633663368,0.0616701085678271
151670,graphst,whole,annotation,annotation,mclust_refined,3484,5,5,0.4480912178220986,0.5524234743908192,0.9430252583237658,0.0602960702022159
151671,graphst,whole,annotation,annotation,mclust_refined,4093,5,5,0.6230374818557883,0.7373875122482489,0.9457121915465428,0.057746563596952
151672,graphst,whole,annotation,annotation,mclust_refined,3888,5,5,0.6243190745974531,0.6974295941516276,0.9420010288065844,0.0595210097829903
151673,graphst,whole,annotation,annotation,mclust_refined,3611,7,7,0.6315174604234721,0.7307979020148289,0.8936582664081971,0.0604851929678864
151674,graphst,whole,annotation,annotation,mclust_refined,3635,7,7,0.5290431082403322,0.6358848160289864,0.915515818431912,0.0597916434578113
151675,graphst,whole,annotation,annotation,mclust_refined,3566,7,7,0.4981581872338895,0.6469413875266209,0.9168816601233876,0.0603279876804474
151676,graphst,whole,annotation,annotation,mclust_refined,3431,7,7,0.5550680622473295,0.646204465615803,0.915097639172253,0.0623691704825799
151507,graphst,whole,annotation,spatial,mclust_refined,4221,7,7,0.4359685489420613,0.6478126671190262,0.9356313669746504,0.0562562723019884
151508,graphst,whole,annotation,spatial,mclust_refined,4381,7,7,0.4614204881856488,0.6257134681781313,0.9281670851403788,0.0550775693275749
151509,graphst,whole,annotation,spatial,mclust_refined,4788,7,7,0.4200437304903997,0.5910109581924473,0.912781954887218,0.0536023648550684
151510,graphst,whole,annotation,spatial,mclust_refined,4595,7,7,0.4472491892557126,0.6073318553301416,0.9189336235038084,0.0551435419096494
151669,graphst,whole,annotation,spatial,mclust_refined,3636,5,5,0.2761001047621903,0.4709182835559213,0.9414191419141914,0.0618279498511815
151670,graphst,whole,annotation,spatial,mclust_refined,3484,5,5,0.4478467438681024,0.5471126899325915,0.9431687715269804,0.0602921132205801
151671,graphst,whole,annotation,spatial,mclust_refined,4093,5,5,0.6168649507672528,0.7296847579951145,0.946494014170535,0.0577360926432131
151672,graphst,whole,annotation,spatial,mclust_refined,3888,5,5,0.6151362099451061,0.6944574518085652,0.9421039094650204,0.0596016776212434
151673,graphst,whole,annotation,spatial,mclust_refined,3611,7,7,0.5954400058220071,0.6941423153113574,0.904375519246746,0.0604834904717009
151674,graphst,whole,annotation,spatial,mclust_refined,3635,7,7,0.4651173169919597,0.6053103693692538,0.918019257221458,0.0597946765672627
151675,graphst,whole,annotation,spatial,mclust_refined,3566,7,7,0.5518593590184511,0.6456024773993937,0.9109366236679752,0.0603461288317932
151676,graphst,whole,annotation,spatial,mclust_refined,3431,7,7,0.4765171108364153,0.6206203160954821,0.9091518507723696,0.0623564250218684
151507,graphst,whole,spatial,annotation,mclust_refined,4221,7,7,0.4670060900329777,0.6468206096687149,0.9135512911632314,0.0562725693869452
151508,graphst,whole,spatial,annotation,mclust_refined,4381,7,7,0.44247251937694,0.6362889892057432,0.9413375941565852,0.055533880659311
151509,graphst,whole,spatial,annotation,mclust_refined,4788,7,7,0.3935519501027167,0.5647682270908655,0.926670843776107,0.0535151420245198
151510,graphst,whole,spatial,annotation,mclust_refined,4595,7,7,0.4525717775105561,0.6112914367754025,0.9200435255712732,0.055142428872638
151669,graphst,whole,spatial,annotation,mclust_refined,3636,5,5,0.2881452495452809,0.479204550672129,0.941116611661166,0.0611808579092291
151670,graphst,whole,spatial,annotation,mclust_refined,3484,5,5,0.3825079179903055,0.5132346729664817,0.9365958668197474,0.0603436440546579
151671,graphst,whole,spatial,annotation,mclust_refined,4093,5,5,0.6236470467330453,0.7411866016746961,0.9454923039335452,0.0577360481887816
151672,graphst,whole,spatial,annotation,mclust_refined,3888,5,5,0.6386705357767846,0.711721518601104,0.9429012345679012,0.0595198279090912
151673,graphst,whole,spatial,annotation,mclust_refined,3611,7,7,0.6190809816761844,0.7204130669404376,0.8925782331764054,0.0612016296023062
151674,graphst,whole,spatial,annotation,mclust_refined,3635,7,7,0.4028439866815289,0.5481067603148309,0.9234112792297112,0.0597778747568334
151675,graphst,whole,spatial,annotation,mclust_refined,3566,7,7,0.4753218692611833,0.5947547216821429,0.9252383623107124,0.0605528773161747
151676,graphst,whole,spatial,annotation,mclust_refined,3431,7,7,0.5697229110603101,0.6621365096830781,0.9074030894782862,0.0624993767244431
151507,graphst,whole,spatial,spatial,mclust_refined,4221,7,7,0.4956794894356155,0.6579980140796563,0.9374081971096896,0.0562555257157018
151508,graphst,whole,spatial,spatial,mclust_refined,4381,7,7,0.4606179311402598,0.6289089941134793,0.928326866012326,0.0551885109214728
151509,graphst,whole,spatial,spatial,mclust_refined,4788,7,7,0.4676354237013558,0.6492547228468957,0.9202380952380952,0.0535001950339354
151510,graphst,whole,spatial,spatial,mclust_refined,4595,7,7,0.4637610824766002,0.6360477611475542,0.9274211099020676,0.0551347334992433
151669,graphst,whole,spatial,spatial,mclust_refined,3636,5,5,0.4578804593558631,0.6096613463741228,0.9357810781078107,0.0611813008301267
151670,graphst,whole,spatial,spatial,mclust_refined,3484,5,5,0.4520340361712535,0.5481594100176362,0.9416188289322618,0.0603012811317403
151671,graphst,whole,spatial,spatial,mclust_refined,4093,5,5,0.6149507252010505,0.7324434855703548,0.9454434400195456,0.0577468297066466
151672,graphst,whole,spatial,spatial,mclust_refined,3888,5,5,0.6248851145983435,0.7047400437414707,0.9435442386831276,0.0595192384925265
151673,graphst,whole,spatial,spatial,mclust_refined,3611,7,7,0.5999670161549818,0.7092585143780163,0.9046801440044308,0.060499336804827
151674,graphst,whole,spatial,spatial,mclust_refined,3635,7,7,0.4805094572088541,0.6113965583931239,0.915515818431912,0.0597756443980448
151675,graphst,whole,spatial,spatial,mclust_refined,3566,7,7,0.4928861330276808,0.6163015149467271,0.9168536174985978,0.0603706055415687
151676,graphst,whole,spatial,spatial,mclust_refined,3431,7,7,0.4881335917142502,0.61900801073975,0.9173418828329932,0.0623565394819345
151507,stagate,fullneighbors,annotation,annotation,mclust,4221,7,7,0.5387556746704423,0.687961223161064,0.87742241175077,0.0569349280900419
151508,stagate,fullneighbors,annotation,annotation,mclust,4381,7,7,0.4314058549782038,0.6166781877127018,0.8683633873544853,0.0565998105880587
151509,stagate,fullneighbors,annotation,annotation,mclust,4788,7,7,0.5178419961548494,0.6742127498212783,0.8780701754385964,0.0544197371176933
151510,stagate,fullneighbors,annotation,annotation,mclust,4595,7,7,0.545970512907349,0.6553570773539029,0.8674863982589771,0.0556355147985293
151669,stagate,fullneighbors,annotation,annotation,mclust,3636,5,5,0.2823195420007544,0.4987200839543699,0.9032453245324532,0.0615686448490075
151670,stagate,fullneighbors,annotation,annotation,mclust,3484,5,5,0.4366757328635662,0.5713522620609297,0.9024971297359357,0.0610663440529726
151671,stagate,fullneighbors,annotation,annotation,mclust,4093,5,5,0.5609130319005539,0.6671699579881122,0.9084778890789152,0.058608666806574
151672,stagate,fullneighbors,annotation,annotation,mclust,3888,5,5,0.6334729775480201,0.7080166598750175,0.9192901234567902,0.0602725680472451
151673,stagate,fullneighbors,annotation,annotation,mclust,3611,7,7,0.5778187655452175,0.6881481966703474,0.8474383827194683,0.0612027645041465
151674,stagate,fullneighbors,annotation,annotation,mclust,3635,7,7,0.413356172614074,0.5513985086333993,0.9062448418156808,0.0613728584723238
151675,stagate,fullneighbors,annotation,annotation,mclust,3566,7,7,0.5680145887285497,0.6561298807545055,0.8396803140773976,0.0613870267919271
151676,stagate,fullneighbors,annotation,annotation,mclust,3431,7,7,0.4552916310591542,0.5740187378278891,0.8518507723695715,0.0633777860194318
151507,stagate,fullneighbors,annotation,spatial,mclust,4221,7,7,0.4991876217299533,0.6506914119578523,0.87969675432362,0.0568948165615778
151508,stagate,fullneighbors,annotation,spatial,mclust,4381,7,7,0.4676026530861406,0.6024111847349688,0.8939739785437115,0.055767488006892
151509,stagate,fullneighbors,annotation,spatial,mclust,4788,7,7,0.4836027419370172,0.6462786336274484,0.8835213032581454,0.0542611102640135
151510,stagate,fullneighbors,annotation,spatial,mclust,4595,7,7,0.4635740653394517,0.6175739337806768,0.8589118607181719,0.0557629364751646
151669,stagate,fullneighbors,annotation,spatial,mclust,3636,5,5,0.2403941320168316,0.4694032364315272,0.9002750275027502,0.0617303842328867
151670,stagate,fullneighbors,annotation,spatial,mclust,3484,5,5,0.4274159636559319,0.5678035262360923,0.9044202066590128,0.0608643680043121
151671,stagate,fullneighbors,annotation,spatial,mclust,4093,5,5,0.5563380172929198,0.6578964746031375,0.9072318592719276,0.0582393637421341
151672,stagate,fullneighbors,annotation,spatial,mclust,3888,5,5,0.5828864875358242,0.6916565188741365,0.9123456790123456,0.0597333552309141
151673,stagate,fullneighbors,annotation,spatial,mclust,3611,7,7,0.5107268526377589,0.6420714466797919,0.8761284962614234,0.0610118703406876
151674,stagate,fullneighbors,annotation,spatial,mclust,3635,7,7,0.4598864035315732,0.569719641692229,0.8960935350756534,0.0612928444541181
151675,stagate,fullneighbors,annotation,spatial,mclust,3566,7,7,0.4108615543350013,0.5491425431488579,0.8561974200785194,0.061868663941744
151676,stagate,fullneighbors,annotation,spatial,mclust,3431,7,7,0.4499882759851342,0.5679764509978947,0.8633343048673856,0.0633293002326634
151507,stagate,fullneighbors,spatial,annotation,mclust,4221,7,7,0.5529568233579182,0.6984926931339281,0.8823738450604123,0.0569677695837709
151508,stagate,fullneighbors,spatial,annotation,mclust,4381,7,7,0.5334592171635486,0.6553233620230668,0.8900479342615841,0.0563612382203263
151509,stagate,fullneighbors,spatial,annotation,mclust,4788,7,7,0.435659293609752,0.6214643870243617,0.8777986633249791,0.0541642499907531
151510,stagate,fullneighbors,spatial,annotation,mclust,4595,7,7,0.5495992421400334,0.6601064193539938,0.869727965179543,0.0560592846711083
151669,stagate,fullneighbors,spatial,annotation,mclust,3636,5,5,0.250654954835137,0.4896068550577149,0.9113036303630364,0.0616589796109817
151670,stagate,fullneighbors,spatial,annotation,mclust,3484,5,5,0.2622644033337744,0.4645645897471813,0.8914466130884041,0.0610073454983153
151671,stagate,fullneighbors,spatial,annotation,mclust,4093,5,5,0.5691932954733757,0.6843706780250369,0.9124602980698754,0.0583984472276571
151672,stagate,fullneighbors,spatial,annotation,mclust,3888,5,5,0.6024163693625482,0.7074385155558203,0.9154578189300412,0.0600860189042618
151673,stagate,fullneighbors,spatial,annotation,mclust,3611,7,7,0.5156714228049519,0.6831563543264902,0.8531708667959014,0.0608196809199809
151674,stagate,fullneighbors,spatial,annotation,mclust,3635,7,7,0.4313212232562031,0.5598486757067092,0.8926822558459422,0.0616319995081317
151675,stagate,fullneighbors,spatial,annotation,mclust,3566,7,7,0.5711879262006445,0.6533564710493825,0.8433819405496354,0.0611340490362894
151676,stagate,fullneighbors,spatial,annotation,mclust,3431,7,7,0.519503587588072,0.6179327985448879,0.8487612940833577,0.0642178299267703
151507,stagate,fullneighbors,spatial,spatial,mclust,4221,7,7,0.5158745428757137,0.6782383951334716,0.8906183368869937,0.0565669539791232
151508,stagate,fullneighbors,spatial,spatial,mclust,4381,7,7,0.4801937249148373,0.6159088953556177,0.8979000228258388,0.0557109501475736
151509,stagate,fullneighbors,spatial,spatial,mclust,4788,7,7,0.5034594970069469,0.6578349049574617,0.8862155388471178,0.0540894232529454
151510,stagate,fullneighbors,spatial,spatial,mclust,4595,7,7,0.5180925246510186,0.6382748651166764,0.8721001088139282,0.0554615318162191
151669,stagate,fullneighbors,spatial,spatial,mclust,3636,5,5,0.2462560508546023,0.4807349924603636,0.9134213421342134,0.0616471312790764
151670,stagate,fullneighbors,spatial,spatial,mclust,3484,5,5,0.4281703400188797,0.5511847861681183,0.9000861079219288,0.0614141209784746
151671,stagate,fullneighbors,spatial,spatial,mclust,4093,5,5,0.549305465402002,0.6631607298101643,0.9151233813828488,0.0581131617599028
151672,stagate,fullneighbors,spatial,spatial,mclust,3888,5,5,0.5841441289513594,0.6883398494124459,0.9164351851851852,0.0596723125790243
151673,stagate,fullneighbors,spatial,spatial,mclust,3611,7,7,0.5842743425885535,0.6987518010005971,0.848047632234838,0.0610470019843922
151674,stagate,fullneighbors,spatial,spatial,mclust,3635,7,7,0.481073138810687,0.5958277939945611,0.8826960110041265,0.0616080207813558
151675,stagate,fullneighbors,spatial,spatial,mclust,3566,7,7,0.5907980576235806,0.6893984706906908,0.8809310151430174,0.0621271842987714
151676,stagate,fullneighbors,spatial,spatial,mclust,3431,7,7,0.4901209632557772,0.6040349684147426,0.8855727193238123,0.0637072437749572
151507,stagate,sampled,annotation,annotation,mclust,4221,7,7,0.5788355413870517,0.7113077479396672,0.8656005685856432,0.0567885908671573
151508,stagate,sampled,annotation,annotation,mclust,4381,7,7,0.5472645045174933,0.6787222875104899,0.866811230312714,0.0564261743863471
151509,stagate,sampled,annotation,annotation,mclust,4788,7,7,0.5620717331541054,0.6940172086755195,0.8851712614870509,0.0540662456227457
151510,stagate,sampled,annotation,annotation,mclust,4595,7,7,0.518483461585473,0.6502617497658378,0.8378890097932535,0.0563245914354738
151669,stagate,sampled,annotation,annotation,mclust,3636,5,5,0.4641446207669514,0.6138839145050795,0.9098184818481848,0.0623103587803389
151670,stagate,sampled,annotation,annotation,mclust,3484,5,5,0.3292594009877641,0.5685756836968812,0.9039609644087256,0.060778206853443
151671,stagate,sampled,annotation,annotation,mclust,4093,5,5,0.6004566760974988,0.6968881241565125,0.9193745419008064,0.05807120297733
151672,stagate,sampled,annotation,annotation,mclust,3888,5,5,0.5989930379081532,0.6930891843775365,0.9166409465020576,0.0603251137383261
151673,stagate,sampled,annotation,annotation,mclust,3611,7,7,0.6286892268449231,0.7481959361922541,0.8609526446967599,0.0606267529735843
151674,stagate,sampled,annotation,annotation,mclust,3635,7,7,0.4538586235762765,0.5976931452766889,0.8918569463548831,0.0610676301369685
151675,stagate,sampled,annotation,annotation,mclust,3566,7,7,0.6251013857688197,0.7138142303223095,0.8714806505888951,0.0615848608539053
151676,stagate,sampled,annotation,annotation,mclust,3431,7,7,0.4234541515013103,0.6111472237364136,0.8777615855435733,0.0627349012864123
151507,stagate,sampled,annotation,spatial,mclust,4221,7,7,0.5679463993999988,0.7010945579466483,0.8798152096659559,0.0565057411708082
151508,stagate,sampled,annotation,spatial,mclust,4381,7,7,0.4997870919253381,0.6459844161040026,0.8989043597352203,0.0569431799490053
151509,stagate,sampled,annotation,spatial,mclust,4788,7,7,0.5071018850115505,0.6591999896435335,0.8899958228905598,0.0541070333917053
151510,stagate,sampled,annotation,spatial,mclust,4595,7,7,0.4453110858524822,0.5776918499999585,0.8693362350380849,0.056530862778767
151669,stagate,sampled,annotation,spatial,mclust,3636,5,5,0.4421377441092115,0.5959137631660356,0.9074807480748076,0.0620519397127393
151670,stagate,sampled,annotation,spatial,mclust,3484,5,5,0.3214736711230801,0.5572491823087315,0.9020952927669346,0.0609669949484975
151671,stagate,sampled,annotation,spatial,mclust,4093,5,5,0.5921601267005742,0.6846097232949087,0.9240166137307598,0.0582486842191081
151672,stagate,sampled,annotation,spatial,mclust,3888,5,5,0.7583590811009957,0.7341484969183368,0.9291666666666668,0.0596936579111959
151673,stagate,sampled,annotation,spatial,mclust,3611,7,7,0.5526621780916556,0.6932736714009128,0.8793132096372196,0.0611463539667268
151674,stagate,sampled,annotation,spatial,mclust,3635,7,7,0.3960306157795332,0.4933120988488367,0.886767537826685,0.0609546576421059
151675,stagate,sampled,annotation,spatial,mclust,3566,7,7,0.4511349807762091,0.5787838063821374,0.8679192372406057,0.0614286692041779
151676,stagate,sampled,annotation,spatial,mclust,3431,7,7,0.3218597808446364,0.516066507478395,0.8860973477120373,0.0628912118930155
151507,stagate,sampled,spatial,annotation,mclust,4221,7,7,0.5771227871819573,0.7109510085860581,0.8639895759298745,0.0570181468544683
151508,stagate,sampled,spatial,annotation,mclust,4381,7,7,0.5414107327738243,0.6928641248856473,0.8910979228486647,0.056359682793454
151509,stagate,sampled,spatial,annotation,mclust,4788,7,7,0.5496396117333582,0.6934637221235546,0.8869047619047619,0.0537955451317506
151510,stagate,sampled,spatial,annotation,mclust,4595,7,7,0.4080850102335217,0.5944310121808088,0.8649183895538629,0.055881016885562
151669,stagate,sampled,spatial,annotation,mclust,3636,5,5,0.3218692409017256,0.515978564701356,0.9106160616061606,0.0619202000919455
151670,stagate,sampled,spatial,annotation,mclust,3484,5,5,0.4731750179558461,0.600017549412585,0.910332950631458,0.0609206098757551
151671,stagate,sampled,spatial,annotation,mclust,4093,5,5,0.5944830110614101,0.6796440690422062,0.9156853163938432,0.0582532926544843
151672,stagate,sampled,spatial,annotation,mclust,3888,5,5,0.6205953911173748,0.6992172678584808,0.9223765432098764,0.05977005900188
151673,stagate,sampled,spatial,annotation,mclust,3611,7,7,0.6134699266863076,0.7310567846619102,0.8571309886458045,0.0606889024756929
151674,stagate,sampled,spatial,annotation,mclust,3635,7,7,0.5957295149805926,0.7070726986533018,0.894525447042641,0.0608324990520543
151675,stagate,sampled,spatial,annotation,mclust,3566,7,7,0.6315739567763612,0.7161881514457726,0.8667414469994391,0.0619221022188948
151676,stagate,sampled,spatial,annotation,mclust,3431,7,7,0.5750862019897668,0.6673832255378935,0.8836199358787525,0.0637962973032844
151507,stagate,sampled,spatial,spatial,mclust,4221,7,7,0.5326425450220755,0.6866239969080667,0.8742241175076996,0.0565119523952382
151508,stagate,sampled,spatial,spatial,mclust,4381,7,7,0.4978549270340389,0.6300504201018322,0.8809632503994522,0.0554797706348174
151509,stagate,sampled,spatial,spatial,mclust,4788,7,7,0.3176969310633458,0.5533869315602269,0.8992063492063492,0.0540385987939271
151510,stagate,sampled,spatial,spatial,mclust,4595,7,7,0.5140116846368871,0.6205281095440733,0.8511425462459195,0.0555323949456147
151669,stagate,sampled,spatial,spatial,mclust,3636,5,5,0.47297789261745,0.6037769511239182,0.9114136413641364,0.0619604528715493
151670,stagate,sampled,spatial,spatial,mclust,3484,5,5,0.2490596866764711,0.4677740210716293,0.9100459242250288,0.0613152476483849
151671,stagate,sampled,spatial,spatial,mclust,4093,5,5,0.590381993819479,0.6745508926213961,0.9212802345467872,0.0580450158266492
151672,stagate,sampled,spatial,spatial,mclust,3888,5,5,0.4777893325006218,0.6189668164337648,0.931738683127572,0.0605167606067999
151673,stagate,sampled,spatial,spatial,mclust,3611,7,7,0.5854747503562584,0.7092228318715719,0.8593187482691775,0.0607733517286803
151674,stagate,sampled,spatial,spatial,mclust,3635,7,7,0.490342923588501,0.6471564554529079,0.8932049518569464,0.0608474711088063
151675,stagate,sampled,spatial,spatial,mclust,3566,7,7,0.454078389119757,0.5795669736116321,0.869209197980931,0.0616897631225727
151676,stagate,sampled,spatial,spatial,mclust,3431,7,7,0.5688673723865564,0.6693466301170092,0.879685222967065,0.0631291099138516
151507,stagate,whole,annotation,annotation,mclust,4221,7,7,0.5613852345301907,0.6984552952937514,0.8655058043117745,0.056764933507206
151508,stagate,whole,annotation,annotation,mclust,4381,7,7,0.5413578134934162,0.6684320843757301,0.8717644373430724,0.0563115845279356
151509,stagate,whole,annotation,annotation,mclust,4788,7,7,0.5147506421989337,0.6760356558094732,0.8808479532163743,0.0543894993178259
151510,stagate,whole,annotation,annotation,mclust,4595,7,7,0.492581631703155,0.631874651005344,0.8462894450489663,0.0561036694700362
151669,stagate,whole,annotation,annotation,mclust,3636,5,5,0.2917384059576255,0.5085995578539546,0.901870187018702,0.0616286353783032
151670,stagate,whole,annotation,annotation,mclust,3484,5,5,0.2608911051089433,0.4597097493139062,0.8873995407577497,0.0620360065434505
151671,stagate,whole,annotation,annotation,mclust,4093,5,5,0.5755930667776686,0.6817834203142338,0.9039824089909602,0.0581741872615712
151672,stagate,whole,annotation,annotation,mclust,3888,5,5,0.6131720017642366,0.7152016842244071,0.9142489711934156,0.0606308454206415
151673,stagate,whole,annotation,annotation,mclust,3611,7,7,0.5725813053839117,0.7132097965079977,0.8606757130988646,0.0608572797244225
151674,stagate,whole,annotation,annotation,mclust,3635,7,7,0.40711717780535,0.5462225810637976,0.8844841815680881,0.0618312023350339
151675,stagate,whole,annotation,annotation,mclust,3566,7,7,0.5728387294959988,0.6487595455563616,0.8325294447560292,0.0612706982734749
151676,stagate,whole,annotation,annotation,mclust,3431,7,7,0.384852460230994,0.5598918921968432,0.8604779947537161,0.0635633149678107
151507,stagate,whole,annotation,spatial,mclust,4221,7,7,0.5404581013692417,0.6904380555799084,0.873773987206823,0.0572229070807948
151508,stagate,whole,annotation,spatial,mclust,4381,7,7,0.475767164039872,0.6116874323229612,0.8928326866012326,0.0558721317339028
151509,stagate,whole,annotation,spatial,mclust,4788,7,7,0.5584720468982411,0.6819385673072835,0.8765664160401002,0.0542765440382096
151510,stagate,whole,annotation,spatial,mclust,4595,7,7,0.4621981979637063,0.6161748080707995,0.8530359085963003,0.0556432061768538
151669,stagate,whole,annotation,spatial,mclust,3636,5,5,0.2446596209179074,0.4788594149665937,0.903960396039604,0.0616815173287307
151670,stagate,whole,annotation,spatial,mclust,3484,5,5,0.4427510494663537,0.5531333124835384,0.8989092996555683,0.0616768153048913
151671,stagate,whole,annotation,spatial,mclust,4093,5,5,0.542733941270103,0.6557357053651122,0.9149523576838504,0.0579023938085011
151672,stagate,whole,annotation,spatial,mclust,3888,5,5,0.5759844668033368,0.6891265787518402,0.9065586419753088,0.059669244552538
151673,stagate,whole,annotation,spatial,mclust,3611,7,7,0.5735115454222978,0.6931152547200149,0.8517862088064249,0.0609665353072497
151674,stagate,whole,annotation,spatial,mclust,3635,7,7,0.3996675679847785,0.5400905172010263,0.8969463548830812,0.0607177520180674
151675,stagate,whole,annotation,spatial,mclust,3566,7,7,0.5748230332690705,0.6787963050368324,0.8832024677509815,0.0620396547877126
151676,stagate,whole,annotation,spatial,mclust,3431,7,7,0.3961155894603377,0.5756719954190642,0.857301078402798,0.0635669387901485
151507,stagate,whole,spatial,annotation,mclust,4221,7,7,0.5475912228721024,0.6974746258355208,0.8815446576640606,0.0567467074744645
151508,stagate,whole,spatial,annotation,mclust,4381,7,7,0.4804270879052134,0.6588580821720483,0.8913490070760101,0.0561912175329702
151509,stagate,whole,spatial,annotation,mclust,4788,7,7,0.5082997769205289,0.6741910100161663,0.879344193817878,0.0544688156428764
151510,stagate,whole,spatial,annotation,mclust,4595,7,7,0.4893204387806242,0.6358915581079815,0.8384548422198042,0.0559807141184853
151669,stagate,whole,spatial,annotation,mclust,3636,5,5,0.2461021734131975,0.4839519807874035,0.90497799779978,0.0616794626305837
151670,stagate,whole,spatial,annotation,mclust,3484,5,5,0.2660241726799223,0.4608511542193437,0.894374282433984,0.0620468324752484
151671,stagate,whole,spatial,annotation,mclust,4093,5,5,0.5629216778214379,0.6689521354866851,0.9107256291228928,0.0582127352792987
151672,stagate,whole,spatial,annotation,mclust,3888,5,5,0.592745118795655,0.6995818725568912,0.9038837448559672,0.059777123322571
151673,stagate,whole,spatial,annotation,mclust,3611,7,7,0.6209277314742068,0.7209630925200975,0.8499861534201052,0.0613193829946575
151674,stagate,whole,spatial,annotation,mclust,3635,7,7,0.4949248330657586,0.6504725741400008,0.8844016506189821,0.0609936155275136
151675,stagate,whole,spatial,annotation,mclust,3566,7,7,0.5652531100624607,0.6338877757365577,0.8233875490745933,0.0610447084064921
151676,stagate,whole,spatial,annotation,mclust,3431,7,7,0.4740675375191988,0.5970462110225111,0.8651996502477411,0.0639517693397062
151507,stagate,whole,spatial,spatial,mclust,4221,7,7,0.5329823463917065,0.6620330130559983,0.886756692726842,0.0566180238664086
151508,stagate,whole,spatial,spatial,mclust,4381,7,7,0.4799237109523623,0.6220926349640442,0.8952522255192878,0.0559782432091678
151509,stagate,whole,spatial,spatial,mclust,4788,7,7,0.514808183163439,0.6306728156333556,0.8777777777777778,0.0540449504311336
151510,stagate,whole,spatial,spatial,mclust,4595,7,7,0.5102628563644055,0.6370681877372492,0.8724700761697497,0.055503540194414
151669,stagate,whole,spatial,spatial,mclust,3636,5,5,0.4239689875133833,0.576073138432453,0.9136963696369635,0.0616599532132631
151670,stagate,whole,spatial,spatial,mclust,3484,5,5,0.2604905059329692,0.4570551407441929,0.8949483352468427,0.0615092051345753
151671,stagate,whole,spatial,spatial,mclust,4093,5,5,0.5509591968099564,0.6564974866526472,0.913193256779868,0.0581658072248992
151672,stagate,whole,spatial,spatial,mclust,3888,5,5,0.5777173826365429,0.6898567652040855,0.9020833333333332,0.0597893334348037
151673,stagate,whole,spatial,spatial,mclust,3611,7,7,0.5831092375169862,0.7022749781782246,0.8492938244253669,0.0609558029433919
151674,stagate,whole,spatial,spatial,mclust,3635,7,7,0.3881597474285182,0.4948597855310984,0.874910591471802,0.061439709256593
151675,stagate,whole,spatial,spatial,mclust,3566,7,7,0.465956916076738,0.6067458585937704,0.891138530566461,0.0613650762370267
151676,stagate,whole,spatial,spatial,mclust,3431,7,7,0.4156721201896315,0.5508029837646344,0.8612357913144856,0.0636837780602194
